{"cameraMode":{"drawMode":0,"name":"Shaded","section":"Shading Mode"},"sceneLighting":true,"audioPlay":false,"sceneViewState":{"m_AlwaysRefresh":false,"showFog":true,"showSkybox":true,"showFlares":true,"showImageEffects":true,"showParticleSystems":true,"showVisualEffectGraphs":true,"m_FxEnabled":true},"in2DMode":false,"pivot":{"x":-17.888065338134767,"y":1.587519645690918,"z":22.477622985839845},"rotation":{"x":-0.029342245310544969,"y":0.06562350690364838,"z":-0.0019334409153088928,"w":-0.9974391460418701},"size":33.36824035644531,"orthographic":false}