{"cameraMode":{"drawMode":0,"name":"Shaded","section":"Shading Mode"},"sceneLighting":false,"audioPlay":false,"sceneViewState":{"m_AlwaysRefresh":false,"showFog":true,"showSkybox":false,"showFlares":true,"showImageEffects":true,"showParticleSystems":true,"showVisualEffectGraphs":true,"m_FxEnabled":true},"in2DMode":false,"pivot":{"x":430.64593505859377,"y":242.22264099121095,"z":506.0505676269531},"rotation":{"x":-0.12703090906143189,"y":-0.4313966631889343,"z":0.061498310416936877,"w":-0.8910393118858337},"size":369.4330139160156,"orthographic":false}