{"cameraMode":{"drawMode":0,"name":"Shaded","section":"Shading Mode"},"sceneLighting":false,"audioPlay":false,"sceneViewState":{"m_AlwaysRefresh":false,"showFog":true,"showSkybox":false,"showFlares":true,"showImageEffects":true,"showParticleSystems":true,"showVisualEffectGraphs":true,"m_FxEnabled":true},"in2DMode":false,"pivot":{"x":-7.852714538574219,"y":-2.2031431198120119,"z":-67.78638458251953},"rotation":{"x":-0.0047849854454398159,"y":-0.9818274974822998,"z":0.025688549503684045,"w":-0.18781329691410066},"size":70.88723754882813,"orthographic":false}